"","userID","isbn","title","rating","predictions"
"3",168816,000649840X,"Testing 3",7,7.27142572402954
"5",168816,000649840X,"Prince Caspian",10,9.65562057495117
"6",316776963,000195833X,"Testing 2", 10,10.0393581390381
