"","userID","ISBN","title","rating","prediction"
"3",316769487,0001837397,"Testing 3",7,7.27142572402954
"5",000160418X,160418X,"Harry potter",10,9.65562057495117
"6",316776963,000195833X,"Testing 2", 10,10.0393581390381
